epoch,time,train/box_loss,train/pose_loss,train/kobj_loss,train/cls_loss,train/dfl_loss,metrics/precision(B),metrics/recall(B),metrics/mAP50(B),metrics/mAP50-95(B),metrics/precision(P),metrics/recall(P),metrics/mAP50(P),metrics/mAP50-95(P),val/box_loss,val/pose_loss,val/kobj_loss,val/cls_loss,val/dfl_loss,lr/pg0,lr/pg1,lr/pg2
1,14.1354,7.05343,16.76,0.74395,19.9952,3.9578,0.01766,0.1,0.00688,0.00567,0,0,0,0,3.94132,16.3663,0.7075,72.8112,2.98683,0.00054,0.00054,0.00054
2,24.9558,3.1798,11.7299,0.85858,17.5536,2.24395,0.10526,0.4,0.07331,0.0418,0.02632,0.1,0.01515,0.00573,4.75237,13.0765,0.74165,55.509,2.60548,0.00109637,0.00109637,0.00109637
3,36.1185,3.12749,11.1509,0.85219,19.4924,2.13835,0.02586,0.1,0.01293,0.00981,0,0,0,0,5.96147,14.3834,0.70929,8.33112,2.9658,0.00164904,0.00164904,0.00164904
4,46.819,4.14574,9.95421,0.6492,4.10679,2.61477,0.50386,0.3,0.26206,0.16045,0.52771,0.3,0.22484,0.04902,7.224,9.06987,0.61507,6.99557,4.3567,0.0019802,0.0019802,0.0019802
5,59.6227,4.2019,10.7128,0.57223,4.35949,2.79956,0.05406,0.4,0.03406,0.01578,0.04485,0.3,0.02348,0.0075,5.89361,8.58533,0.47405,22.3211,4.00143,0.0019736,0.0019736,0.0019736
6,71.5372,4.12807,8.49066,0.52227,4.62741,2.66423,0.00074,0.2,0.00041,0.00029,0.00074,0.2,0.00041,0.00029,6.81415,6.10145,0.38864,inf,4.63989,0.001967,0.001967,0.001967
7,82.0812,4.54525,5.64106,0.51151,6.5744,2.75325,0.00041,0.1,0.00019,0.00011,0.00041,0.1,0.00019,0.00017,5.33051,5.69841,0.34413,inf,3.37713,0.0019604,0.0019604,0.0019604
8,93.0916,4.03191,4.3935,0.45905,4.01908,2.72273,0.08242,0.4,0.04722,0.03534,0.08242,0.4,0.04371,0.03175,5.74209,6.1179,0.30532,12.3887,3.81141,0.0019538,0.0019538,0.0019538
9,106.07,3.93854,4.45595,0.36767,3.63378,2.79577,0.08387,0.3,0.31038,0.24768,0.02489,0.1,0.04257,0.00935,5.43571,9.70246,0.34519,98.6844,3.93891,0.0019472,0.0019472,0.0019472
10,118.568,3.3129,3.39843,0.35234,2.92293,2.56654,0.06425,0.2,0.04553,0.03423,0.06425,0.2,0.04197,0.01756,5.40793,9.54819,0.35933,27.1251,4.45597,0.0019406,0.0019406,0.0019406
11,129.85,2.83677,2.62967,0.28148,2.28191,2.44107,0.02849,0.6,0.03166,0.02759,0.01764,0.4,0.01265,0.00474,3.73128,7.28145,0.30703,69.196,2.88434,0.001934,0.001934,0.001934
12,144.759,3.07438,2.4312,0.32062,2.02449,2.50535,0.01842,0.9,0.01945,0.01638,0.01842,0.9,0.01945,0.01159,2.3586,1.76775,0.12087,108.306,2.26567,0.0019274,0.0019274,0.0019274
13,157.824,2.95443,2.41408,0.29352,1.79607,2.23599,0.96221,0.9,0.935,0.76847,0.96221,0.9,0.935,0.74715,2.34065,1.42384,0.127,2.52871,2.11333,0.0019208,0.0019208,0.0019208
14,171.54,2.8432,2.52197,0.30176,1.94555,2.26303,0.89668,1,0.94045,0.80999,0.89668,1,0.94045,0.79354,2.2939,1.04596,0.10439,1.46556,2.07261,0.0019142,0.0019142,0.0019142
15,186.683,2.54988,1.576,0.26327,1.45373,2.18455,0.82781,1,0.93136,0.81517,0.82781,1,0.93136,0.72315,1.97381,1.10208,0.09704,3.14368,2.02986,0.0019076,0.0019076,0.0019076
16,199.348,2.59022,1.38728,0.29558,1.46373,2.1096,0.89242,0.9,0.9375,0.77249,0.89242,0.9,0.9375,0.88411,2.11866,1.05513,0.0912,1.718,2.13397,0.001901,0.001901,0.001901
17,213.326,2.68346,1.99275,0.288,1.49137,2.10626,0.8051,0.9,0.88295,0.70856,0.8051,0.9,0.86664,0.7831,2.23395,3.11963,0.09056,1.82877,2.14632,0.0018944,0.0018944,0.0018944
18,226.563,2.37709,1.55686,0.2649,1.43502,2.00464,0.96553,0.9,0.8956,0.76138,0.96553,0.9,0.8956,0.83034,2.14244,1.21742,0.08386,1.85163,2.05937,0.0018878,0.0018878,0.0018878
19,239.691,2.19611,1.01405,0.18237,1.30859,1.96272,0.89486,0.9,0.88552,0.75514,0.89486,0.9,0.88552,0.8716,2.51343,1.42178,0.10305,2.13404,2.23373,0.0018812,0.0018812,0.0018812
20,253.117,2.15633,1.38343,0.31034,1.36429,1.98069,0.9915,0.9,0.89804,0.7633,0.9915,0.9,0.89804,0.89737,2.0762,1.61308,0.1131,2.09358,2.01803,0.0018746,0.0018746,0.0018746
21,267.566,2.21494,1.40257,0.28915,1.48198,2.003,0.9919,1,0.995,0.8683,0.9919,1,0.995,0.96631,1.82292,0.53195,0.05809,1.29334,1.97595,0.001868,0.001868,0.001868
22,282.954,1.98209,1.4023,0.21542,1.30291,1.96853,0.98027,1,0.995,0.85464,0.98027,1,0.995,0.995,1.85607,0.22277,0.06527,1.1535,2.00549,0.0018614,0.0018614,0.0018614
23,300.235,2.24976,1.70828,0.32228,1.34051,2.01681,0.98262,1,0.995,0.83153,0.98262,1,0.995,0.995,2.05293,0.24344,0.06799,1.09839,2.02292,0.0018548,0.0018548,0.0018548
24,322.807,2.09519,1.19397,0.30127,1.16317,1.96434,0.99548,1,0.995,0.84971,0.99548,1,0.995,0.995,2.10624,0.26432,0.06354,1.52151,2.07181,0.0018482,0.0018482,0.0018482
25,344.369,2.04022,1.03081,0.27264,1.28794,1.91301,0.99084,1,0.995,0.85473,0.99084,1,0.995,0.995,2.02674,0.16562,0.06401,1.38233,1.95276,0.0018416,0.0018416,0.0018416
26,367.401,2.19661,0.97375,0.33775,1.31369,1.97896,0.99288,1,0.995,0.82857,0.99288,1,0.995,0.995,1.92466,0.29627,0.07006,1.13499,1.97146,0.001835,0.001835,0.001835
27,385.404,1.93177,0.90681,0.35329,1.09442,1.91509,0.98968,1,0.995,0.86214,0.98968,1,0.995,0.995,1.73713,0.18788,0.06767,1.27909,1.92989,0.0018284,0.0018284,0.0018284
28,403.14,1.9289,0.81427,0.28363,1.10943,1.8586,0.98882,1,0.995,0.89675,0.98882,1,0.995,0.995,1.55841,0.17401,0.06806,1.07027,1.8755,0.0018218,0.0018218,0.0018218
29,423.088,1.8388,0.64723,0.15561,1.12701,1.82975,0.99149,1,0.995,0.87285,0.99149,1,0.995,0.995,1.75775,0.17776,0.06507,1.3043,1.92666,0.0018152,0.0018152,0.0018152
30,444.423,1.97647,1.13856,0.35126,1.19469,1.89362,1,0.99851,0.995,0.91656,1,0.99851,0.995,0.995,1.76824,0.18041,0.0729,1.09297,1.90206,0.0018086,0.0018086,0.0018086
31,462.87,1.84471,0.73987,0.21095,1.00333,1.82167,1,0.98584,0.995,0.86945,1,0.98584,0.995,0.995,1.96371,0.1893,0.06672,0.98992,1.96466,0.001802,0.001802,0.001802
32,479.422,2.04961,0.8465,0.24775,1.11897,1.97856,0.98735,1,0.995,0.8801,0.98735,1,0.995,0.995,1.84401,0.21857,0.06947,1.05611,1.95026,0.0017954,0.0017954,0.0017954
33,495.775,1.78128,0.39153,0.24827,0.99049,1.86927,0.99088,1,0.995,0.88378,0.99088,1,0.995,0.995,1.5418,0.16471,0.06919,0.92471,1.87223,0.0017888,0.0017888,0.0017888
34,514.542,1.71826,0.59795,0.22735,1.00692,1.82432,0.99187,1,0.995,0.88963,0.99187,1,0.995,0.995,1.67886,0.29404,0.06343,0.87535,1.87708,0.0017822,0.0017822,0.0017822
35,532.507,1.81156,0.9956,0.25492,0.93972,1.83057,0.99178,1,0.995,0.87583,0.99178,1,0.995,0.995,1.6998,0.3478,0.06378,0.78549,1.89792,0.0017756,0.0017756,0.0017756
36,553.794,1.93801,0.98905,0.30125,1.08505,1.88588,0.99218,1,0.995,0.89101,0.99218,1,0.995,0.995,1.76991,0.24431,0.05572,0.91192,1.91901,0.001769,0.001769,0.001769
37,578.225,1.9264,0.78415,0.23636,1.06199,1.87493,0.98971,1,0.995,0.84897,0.98971,1,0.995,0.995,1.90329,0.13991,0.05246,1.02654,1.93001,0.0017624,0.0017624,0.0017624
38,603.337,1.82063,0.64101,0.32273,0.99979,1.88015,0.98559,1,0.995,0.86208,0.98559,1,0.995,0.995,1.81316,0.18249,0.05279,1.03605,1.90672,0.0017558,0.0017558,0.0017558
39,624.552,1.79245,0.77013,0.21343,1.00476,1.81952,0.97404,1,0.995,0.8802,0.97404,1,0.995,0.995,1.80477,0.17912,0.05425,0.87232,1.88071,0.0017492,0.0017492,0.0017492
40,642.439,1.81091,0.60504,0.2443,0.97307,1.91901,0.90317,1,0.98591,0.87838,0.90317,1,0.98591,0.98591,1.58167,0.15273,0.05514,0.77613,1.89063,0.0017426,0.0017426,0.0017426
41,659.197,1.82184,0.72512,0.23858,0.95533,1.88071,0.99425,1,0.995,0.93114,0.99425,1,0.995,0.995,1.70013,0.18945,0.05233,0.85576,1.89399,0.001736,0.001736,0.001736
42,678.94,1.80599,0.78409,0.2498,1.03221,1.85669,0.9913,1,0.995,0.90507,0.9913,1,0.995,0.995,1.58744,0.18923,0.05135,0.80448,1.89726,0.0017294,0.0017294,0.0017294
43,701.755,1.72854,0.75035,0.23068,0.98129,1.82958,1,0.99464,0.995,0.88365,1,0.99464,0.995,0.995,1.55752,0.17639,0.0507,0.85444,1.86528,0.0017228,0.0017228,0.0017228
44,719.543,1.79799,0.84491,0.297,1.04691,1.83843,1,0.98962,0.995,0.89077,1,0.98962,0.995,0.995,1.59906,0.31369,0.05592,0.86946,1.92788,0.0017162,0.0017162,0.0017162
45,739.196,1.76658,0.78867,0.29921,1.0505,1.86753,0.98098,0.9,0.97833,0.88631,0.98098,0.9,0.97833,0.97018,1.59972,0.21275,0.06118,0.86777,1.8626,0.0017096,0.0017096,0.0017096
46,758.342,1.75772,0.78311,0.27601,0.97678,1.83153,0.98308,1,0.995,0.87333,0.98308,1,0.995,0.995,1.63377,0.17651,0.05751,1.24573,1.88551,0.001703,0.001703,0.001703
47,776.398,1.62337,0.60813,0.1738,0.91449,1.86285,0.97923,1,0.995,0.86894,0.97923,1,0.995,0.995,1.55168,0.15916,0.05503,1.09474,1.85897,0.0016964,0.0016964,0.0016964
48,793.688,1.55602,0.42617,0.22102,0.9046,1.80744,0.99089,1,0.995,0.87862,0.99089,1,0.995,0.995,1.71628,0.17603,0.06248,0.96136,1.91114,0.0016898,0.0016898,0.0016898
49,814.215,1.61016,0.52571,0.24412,0.85985,1.79633,0.99393,1,0.995,0.89774,0.99393,1,0.995,0.995,1.65377,0.12538,0.05995,0.88696,1.86485,0.0016832,0.0016832,0.0016832
50,836.183,1.52226,0.44792,0.23073,0.89889,1.76933,0.96575,1,0.995,0.89012,0.96575,1,0.995,0.995,1.74225,0.12551,0.06075,0.80353,1.8942,0.0016766,0.0016766,0.0016766
51,854.361,1.65666,0.6598,0.25689,0.86203,1.8358,0.90138,1,0.995,0.88219,0.90138,1,0.995,0.995,1.63198,0.13284,0.05853,0.78551,1.88519,0.00167,0.00167,0.00167
52,874.292,1.72462,0.77344,0.30976,0.93657,1.77843,0.97147,1,0.995,0.90001,0.97147,1,0.995,0.995,1.42206,0.10599,0.0587,0.7842,1.83049,0.0016634,0.0016634,0.0016634
53,894.184,1.62807,0.50485,0.29009,0.89494,1.82761,0.95981,1,0.995,0.91103,0.95981,1,0.995,0.995,1.44582,0.16138,0.05635,0.8003,1.85139,0.0016568,0.0016568,0.0016568
54,914.78,1.63693,0.48396,0.22362,0.99802,1.81746,0.99298,1,0.995,0.90945,0.99298,1,0.995,0.995,1.56723,0.14167,0.05292,0.98961,1.86739,0.0016502,0.0016502,0.0016502
55,933.857,1.55147,0.42447,0.2759,0.93882,1.78847,0.89856,1,0.98591,0.9126,0.89856,1,0.98591,0.98591,1.48587,0.13825,0.05651,0.79272,1.88167,0.0016436,0.0016436,0.0016436
56,952.973,1.47406,0.46336,0.21427,0.88556,1.7583,0.99175,1,0.995,0.91108,0.99175,1,0.995,0.995,1.53019,0.11644,0.05522,0.70678,1.87142,0.001637,0.001637,0.001637
57,971.822,1.64494,0.56333,0.22752,0.9628,1.77393,0.99437,1,0.995,0.90829,0.99437,1,0.995,0.995,1.43637,0.15811,0.06123,0.69959,1.82572,0.0016304,0.0016304,0.0016304
58,991.553,1.5117,0.55353,0.27107,0.82834,1.74858,0.99537,1,0.995,0.90423,0.99537,1,0.995,0.995,1.49027,0.11965,0.05962,0.69718,1.82584,0.0016238,0.0016238,0.0016238
59,1011.18,1.36116,0.35555,0.1645,0.80278,1.77294,0.89915,1,0.98591,0.86224,0.89915,1,0.98591,0.98591,1.50291,0.16157,0.05823,0.7099,1.84278,0.0016172,0.0016172,0.0016172
60,1030.46,1.63801,0.70811,0.20139,0.91956,1.83016,0.98506,1,0.995,0.85683,0.98506,1,0.995,0.995,1.61027,0.09021,0.04928,0.77673,1.88203,0.0016106,0.0016106,0.0016106
61,1049.08,1.4669,0.30849,0.28928,0.8571,1.8377,0.98449,1,0.995,0.91716,0.98449,1,0.995,0.995,1.45804,0.11628,0.0466,0.68916,1.88711,0.001604,0.001604,0.001604
62,1067.46,1.4112,0.36487,0.18924,0.92735,1.76141,0.99206,1,0.995,0.9198,0.99206,1,0.995,0.995,1.38931,0.1165,0.04443,0.68337,1.86453,0.0015974,0.0015974,0.0015974
63,1086.03,1.43461,0.23606,0.15919,0.82794,1.76316,0.99291,1,0.995,0.92632,0.99291,1,0.995,0.995,1.38376,0.09893,0.04411,0.69736,1.86778,0.0015908,0.0015908,0.0015908
64,1104.47,1.36169,0.32032,0.24647,0.8063,1.70726,0.99182,1,0.995,0.8823,0.99182,1,0.995,0.995,1.45739,0.11068,0.04698,0.68131,1.86272,0.0015842,0.0015842,0.0015842
65,1123.64,1.46693,0.4516,0.24042,0.86204,1.78469,0.99135,1,0.995,0.93074,0.99135,1,0.995,0.995,1.46747,0.14112,0.0445,0.79994,1.85175,0.0015776,0.0015776,0.0015776
66,1143.48,1.40663,0.35986,0.24472,0.78235,1.76187,0.99233,1,0.995,0.90483,0.99233,1,0.995,0.995,1.42976,0.11443,0.04257,0.66902,1.83885,0.001571,0.001571,0.001571
67,1162.42,1.45173,0.43339,0.18937,0.78065,1.74399,0.99294,1,0.995,0.91375,0.99294,1,0.995,0.995,1.53462,0.11694,0.04203,0.68511,1.85177,0.0015644,0.0015644,0.0015644
68,1184.08,1.41158,0.51865,0.2355,0.815,1.7503,0.9872,0.9,0.91318,0.83691,0.9872,0.9,0.91318,0.90354,1.47039,0.46281,0.05392,0.9388,1.84857,0.0015578,0.0015578,0.0015578
69,1208.26,1.46545,0.5958,0.28455,0.87013,1.78844,0.99403,0.9,0.97192,0.88319,0.99403,0.9,0.97192,0.93481,1.36688,0.4286,0.05149,0.80651,1.83667,0.0015512,0.0015512,0.0015512
70,1229.42,1.48678,0.76745,0.26375,0.83993,1.75472,0.98561,1,0.995,0.89796,0.98561,1,0.995,0.995,1.49402,0.12122,0.04527,0.67492,1.82684,0.0015446,0.0015446,0.0015446
71,1248.74,1.37985,0.41257,0.224,0.79001,1.73994,0.98655,1,0.995,0.89079,0.98655,1,0.995,0.995,1.48893,0.11431,0.04688,0.60979,1.83691,0.001538,0.001538,0.001538
72,1268.05,1.42142,0.37345,0.25624,0.81656,1.80534,0.99096,1,0.995,0.91924,0.99096,1,0.995,0.995,1.41342,0.07739,0.04764,0.60343,1.81136,0.0015314,0.0015314,0.0015314
73,1288.1,1.24245,0.38007,0.17385,0.78466,1.7371,0.98792,1,0.995,0.89763,0.98792,1,0.995,0.995,1.44977,0.09062,0.04772,0.63554,1.82383,0.0015248,0.0015248,0.0015248
74,1307.05,1.30336,0.36045,0.25431,0.76592,1.75009,0.99034,1,0.995,0.88006,0.99034,1,0.995,0.995,1.54886,0.10258,0.0499,0.72414,1.83947,0.0015182,0.0015182,0.0015182
75,1325.92,1.30426,0.19128,0.20757,0.75523,1.70775,0.9912,1,0.995,0.89465,0.9912,1,0.995,0.995,1.49584,0.10179,0.05156,0.6556,1.82845,0.0015116,0.0015116,0.0015116
76,1346.57,1.3363,0.26246,0.22202,0.72074,1.7425,0.99315,1,0.995,0.89222,0.99315,1,0.995,0.995,1.41323,0.06919,0.05205,0.51974,1.82413,0.001505,0.001505,0.001505
77,1366.19,1.37694,0.45595,0.23644,0.71931,1.70881,0.99299,1,0.995,0.94907,0.99299,1,0.995,0.995,1.34743,0.06958,0.04979,0.61489,1.79652,0.0014984,0.0014984,0.0014984
78,1388.15,1.29766,0.29588,0.18342,0.75267,1.70632,0.99256,1,0.995,0.92722,0.99256,1,0.995,0.995,1.23436,0.11961,0.04958,0.67015,1.78344,0.0014918,0.0014918,0.0014918
79,1406.78,1.25155,0.37144,0.16541,0.69452,1.70725,0.99351,1,0.995,0.90762,0.99351,1,0.995,0.995,1.31292,0.13698,0.04764,0.54236,1.79768,0.0014852,0.0014852,0.0014852
80,1426.04,1.30316,0.36957,0.19777,0.67771,1.72132,0.99424,1,0.995,0.90988,0.99424,1,0.995,0.995,1.21329,0.10901,0.04373,0.56015,1.79818,0.0014786,0.0014786,0.0014786
81,1445.16,1.31216,0.41306,0.19868,0.75378,1.70724,0.99283,1,0.995,0.93069,0.99283,1,0.995,0.995,1.21376,0.09124,0.03917,0.56374,1.7833,0.001472,0.001472,0.001472
82,1463.89,1.2378,0.34625,0.2126,0.65443,1.71601,0.99299,1,0.995,0.93047,0.99299,1,0.995,0.995,1.29571,0.12017,0.03919,0.57851,1.82792,0.0014654,0.0014654,0.0014654
83,1484.58,1.34791,0.40885,0.22121,0.68188,1.72885,0.99299,1,0.995,0.92974,0.99299,1,0.995,0.995,1.41426,0.13102,0.03819,0.6304,1.83906,0.0014588,0.0014588,0.0014588
84,1507.17,1.30428,0.25658,0.223,0.7124,1.71421,0.99231,1,0.995,0.93005,0.99231,1,0.995,0.995,1.35889,0.10598,0.04009,0.65681,1.82272,0.0014522,0.0014522,0.0014522
85,1527.55,1.39018,0.42193,0.20791,0.742,1.71751,0.99344,1,0.995,0.9002,0.99344,1,0.995,0.995,1.34247,0.08572,0.03858,0.56055,1.8356,0.0014456,0.0014456,0.0014456
86,1545.76,1.30835,0.36752,0.20964,0.70115,1.79625,0.99289,1,0.995,0.92444,0.99289,1,0.995,0.995,1.4107,0.09603,0.0391,0.6541,1.81393,0.001439,0.001439,0.001439
87,1563.74,1.28538,0.38385,0.2256,0.70594,1.70836,0.99327,1,0.995,0.92386,0.99327,1,0.995,0.995,1.31977,0.08071,0.03843,0.57229,1.80069,0.0014324,0.0014324,0.0014324
88,1582.47,1.25979,0.25158,0.27199,0.68418,1.74073,0.9924,1,0.995,0.90066,0.9924,1,0.995,0.995,1.18419,0.06232,0.03797,0.60295,1.79239,0.0014258,0.0014258,0.0014258
89,1601.53,1.22431,0.43096,0.22524,0.71021,1.65705,0.99016,1,0.995,0.91134,0.99016,1,0.995,0.995,1.25003,0.08118,0.0379,0.62943,1.79254,0.0014192,0.0014192,0.0014192
90,1619.98,1.1515,0.25238,0.18978,0.68465,1.63757,0.98544,1,0.995,0.91043,0.98544,1,0.995,0.995,1.40551,0.09926,0.03972,0.60208,1.80855,0.0014126,0.0014126,0.0014126
91,1638.86,1.22471,0.24938,0.15966,0.62499,1.68298,0.98592,1,0.995,0.94228,0.98592,1,0.995,0.995,1.41305,0.12531,0.04029,0.68518,1.81387,0.001406,0.001406,0.001406
92,1657.64,1.22339,0.21394,0.24211,0.68541,1.68217,0.98689,1,0.995,0.91031,0.98689,1,0.995,0.995,1.37729,0.08329,0.04027,0.63711,1.81033,0.0013994,0.0013994,0.0013994
93,1677.58,1.26567,0.23952,0.19958,0.6858,1.7104,0.98368,1,0.995,0.93017,0.98368,1,0.995,0.995,1.27366,0.07317,0.04104,0.58506,1.78958,0.0013928,0.0013928,0.0013928
94,1696.26,1.21754,0.31903,0.19022,0.66282,1.67891,0.98204,1,0.995,0.88862,0.98204,1,0.995,0.995,1.54036,0.08015,0.04189,0.65948,1.82536,0.0013862,0.0013862,0.0013862
95,1714.37,1.27887,0.29121,0.27138,0.71094,1.74451,0.98069,1,0.995,0.93719,0.98069,1,0.995,0.995,1.34606,0.06319,0.04406,0.60408,1.79885,0.0013796,0.0013796,0.0013796
96,1732.9,1.33473,0.34716,0.24563,0.73046,1.70738,0.97295,1,0.995,0.90511,0.97295,1,0.995,0.995,1.40144,0.11239,0.04721,0.70607,1.82396,0.001373,0.001373,0.001373
97,1751.46,1.20749,0.22395,0.20263,0.63408,1.71043,0.97576,1,0.995,0.92936,0.97576,1,0.995,0.995,1.42458,0.06631,0.04885,0.65821,1.84806,0.0013664,0.0013664,0.0013664
98,1769.88,1.2891,0.4366,0.21745,0.66445,1.6969,0.98259,1,0.995,0.91046,0.98259,1,0.995,0.995,1.40685,0.06463,0.04651,0.58494,1.83123,0.0013598,0.0013598,0.0013598
99,1788.98,1.21714,0.33616,0.16444,0.65515,1.69236,0.98675,1,0.995,0.90438,0.98675,1,0.995,0.995,1.4442,0.07407,0.04724,0.61902,1.82433,0.0013532,0.0013532,0.0013532
100,1810.07,1.219,0.18427,0.20513,0.62635,1.67573,0.99148,1,0.995,0.92266,0.99148,1,0.995,0.995,1.51836,0.06606,0.04756,0.59144,1.82166,0.0013466,0.0013466,0.0013466
101,1829.63,1.15449,0.29385,0.2165,0.6485,1.71976,0.99202,1,0.995,0.91312,0.99202,1,0.995,0.995,1.38988,0.0793,0.04373,0.48125,1.80779,0.00134,0.00134,0.00134
102,1848.53,1.20902,0.23051,0.22182,0.6422,1.68355,0.98921,1,0.995,0.91778,0.98921,1,0.995,0.995,1.30888,0.08378,0.04527,0.5976,1.79856,0.0013334,0.0013334,0.0013334
103,1867.16,1.35807,0.40337,0.19777,0.68962,1.81108,0.99061,1,0.995,0.90475,0.99061,1,0.995,0.995,1.28732,0.07155,0.04517,0.56316,1.80526,0.0013268,0.0013268,0.0013268
104,1885.5,1.21607,0.26641,0.25404,0.66444,1.72909,0.99217,1,0.995,0.93517,0.99217,1,0.995,0.995,1.22508,0.07136,0.04851,0.60424,1.78246,0.0013202,0.0013202,0.0013202
105,1904.45,1.19882,0.29343,0.18699,0.62462,1.71861,0.9878,1,0.995,0.91146,0.9878,1,0.995,0.995,1.25561,0.07803,0.04584,0.58615,1.80591,0.0013136,0.0013136,0.0013136
106,1922.82,1.20134,0.24601,0.19298,0.66865,1.71014,0.9861,1,0.995,0.94744,0.9861,1,0.995,0.995,1.38721,0.06668,0.04298,0.60722,1.80828,0.001307,0.001307,0.001307
107,1940.91,1.1864,0.25634,0.22646,0.66279,1.6895,0.9845,1,0.995,0.92201,0.9845,1,0.995,0.995,1.47955,0.06673,0.04151,0.61634,1.80928,0.0013004,0.0013004,0.0013004
108,1961.14,1.22308,0.28705,0.1875,0.65992,1.67068,0.98059,1,0.995,0.95147,0.98059,1,0.995,0.995,1.28559,0.07447,0.04097,0.57633,1.78885,0.0012938,0.0012938,0.0012938
109,1980.38,1.19356,0.20919,0.20236,0.63647,1.66408,0.97547,1,0.995,0.90928,0.97547,1,0.995,0.995,1.23046,0.05436,0.0383,0.57124,1.77851,0.0012872,0.0012872,0.0012872
110,1998.91,1.19506,0.24784,0.25245,0.66738,1.68117,0.97492,1,0.995,0.94065,0.97492,1,0.995,0.995,1.38083,0.09387,0.03912,0.69996,1.80938,0.0012806,0.0012806,0.0012806
111,2017.35,1.32162,0.27354,0.25747,0.66263,1.69172,0.97,1,0.995,0.93892,0.97,1,0.995,0.995,1.34719,0.0982,0.04018,0.7893,1.80639,0.001274,0.001274,0.001274
112,2036.07,1.21484,0.35301,0.22349,0.65523,1.70289,0.95977,1,0.995,0.9137,0.95977,1,0.995,0.995,1.28119,0.07862,0.03952,1.18437,1.79849,0.0012674,0.0012674,0.0012674
113,2055.63,1.19033,0.20676,0.20077,0.62133,1.69476,0.96324,1,0.995,0.91105,0.96324,1,0.995,0.995,1.37887,0.07919,0.04299,0.73524,1.79534,0.0012608,0.0012608,0.0012608
114,2074.32,1.2252,0.29637,0.19595,0.64281,1.69617,0.98379,1,0.995,0.91421,0.98379,1,0.995,0.995,1.39838,0.07739,0.04586,0.55997,1.80196,0.0012542,0.0012542,0.0012542
115,2093.33,1.07192,0.10161,0.14765,0.58974,1.63982,0.98349,1,0.995,0.93695,0.98349,1,0.995,0.995,1.36146,0.0597,0.0439,0.6048,1.81381,0.0012476,0.0012476,0.0012476
116,2113.16,1.19087,0.33272,0.19311,0.62842,1.7248,0.98492,1,0.995,0.92405,0.98492,1,0.995,0.995,1.26455,0.06416,0.04212,0.58344,1.78873,0.001241,0.001241,0.001241
117,2132.08,1.23531,0.36403,0.22251,0.68701,1.72349,0.98792,1,0.995,0.93723,0.98792,1,0.995,0.995,1.3889,0.07786,0.03993,0.55909,1.83499,0.0012344,0.0012344,0.0012344
118,2150.33,1.10252,0.17769,0.20154,0.59634,1.68625,0.99179,1,0.995,0.92138,0.99179,1,0.995,0.995,1.35807,0.08351,0.03921,0.67126,1.82472,0.0012278,0.0012278,0.0012278
119,2168.41,1.21553,0.40598,0.23737,0.76445,1.74974,0.99033,1,0.995,0.88817,0.99033,1,0.995,0.995,1.4412,0.09915,0.03904,0.81364,1.84508,0.0012212,0.0012212,0.0012212
120,2188.41,1.04793,0.13941,0.20658,0.57682,1.72883,1,0.98804,0.995,0.91601,1,0.98804,0.995,0.97548,1.54043,0.533,0.04481,0.97507,1.86882,0.0012146,0.0012146,0.0012146
121,2209.25,1.15149,0.23464,0.22029,0.61044,1.67863,0.97039,0.9,0.97833,0.89912,0.97039,0.9,0.97833,0.92207,1.55711,1.42081,0.06309,0.96472,1.89861,0.001208,0.001208,0.001208
122,2226.83,1.16041,0.25898,0.18062,0.59195,1.65352,0.95964,1,0.995,0.90039,0.95964,1,0.995,0.995,1.55038,0.06393,0.04229,0.62909,1.84116,0.0012014,0.0012014,0.0012014
123,2243.67,1.2014,0.46713,0.26921,0.69638,1.70517,0.96434,1,0.995,0.90685,0.96434,1,0.995,0.995,1.52967,0.06767,0.04168,0.61733,1.83228,0.0011948,0.0011948,0.0011948
124,2261.89,1.0952,0.24431,0.14894,0.63365,1.70159,0.96915,1,0.995,0.93493,0.96915,1,0.995,0.995,1.49151,0.05649,0.04146,0.70435,1.82775,0.0011882,0.0011882,0.0011882
125,2279.88,1.09933,0.24368,0.16562,0.61539,1.65067,0.97838,1,0.995,0.90918,0.97838,1,0.995,0.995,1.35243,0.05516,0.03976,0.62815,1.80693,0.0011816,0.0011816,0.0011816
126,2296.61,1.1085,0.16697,0.2219,0.58407,1.70053,0.98305,1,0.995,0.93998,0.98305,1,0.995,0.995,1.2525,0.06412,0.03789,0.55786,1.79226,0.001175,0.001175,0.001175
127,2315.7,1.10569,0.2111,0.26389,0.56613,1.67518,0.98386,1,0.995,0.94081,0.98386,1,0.995,0.995,1.2009,0.07291,0.03743,0.60411,1.78495,0.0011684,0.0011684,0.0011684
128,2333.92,1.01182,0.13466,0.21871,0.57732,1.68559,0.98674,1,0.995,0.94107,0.98674,1,0.995,0.995,1.31395,0.05031,0.03961,0.52262,1.78205,0.0011618,0.0011618,0.0011618
129,2351.95,1.08838,0.27738,0.19983,0.59949,1.713,0.98284,1,0.995,0.94981,0.98284,1,0.995,0.995,1.22999,0.05526,0.04004,0.48775,1.78272,0.0011552,0.0011552,0.0011552
130,2370.92,1.0444,0.1818,0.22883,0.56905,1.6814,0.98498,1,0.995,0.94187,0.98498,1,0.995,0.995,1.18188,0.0553,0.04158,0.5296,1.76896,0.0011486,0.0011486,0.0011486
131,2387.77,1.10294,0.18836,0.21773,0.65133,1.69269,0.98456,1,0.995,0.93179,0.98456,1,0.995,0.995,1.3019,0.05081,0.03997,0.56436,1.78684,0.001142,0.001142,0.001142
132,2407.7,1.23662,0.53164,0.25421,0.63442,1.71419,0.98344,1,0.995,0.93346,0.98344,1,0.995,0.995,1.4105,0.06318,0.03965,0.56255,1.83397,0.0011354,0.0011354,0.0011354
133,2429.44,1.05924,0.2353,0.22649,0.62509,1.67423,0.97786,1,0.995,0.92996,0.97786,1,0.995,0.995,1.34205,0.07936,0.04252,0.59335,1.80603,0.0011288,0.0011288,0.0011288
134,2446.82,0.99296,0.20037,0.17098,0.61107,1.63443,0.99142,1,0.995,0.93696,0.99142,1,0.995,0.995,1.34451,0.06807,0.04848,0.64083,1.82072,0.0011222,0.0011222,0.0011222
135,2463.29,1.08931,0.29668,0.15018,0.61455,1.69488,1,0.98018,0.995,0.91519,1,0.98018,0.995,0.995,1.36738,0.08192,0.05164,0.58956,1.82082,0.0011156,0.0011156,0.0011156
136,2479.81,0.99861,0.10443,0.22532,0.58405,1.65746,1,0.9749,0.995,0.91267,1,0.9749,0.995,0.995,1.3587,0.10096,0.05007,0.6139,1.82012,0.001109,0.001109,0.001109
137,2497.51,1.04213,0.21302,0.21778,0.57543,1.64234,0.9846,1,0.995,0.90882,0.9846,1,0.995,0.995,1.30417,0.06995,0.04938,0.6751,1.81177,0.0011024,0.0011024,0.0011024
138,2514.58,1.1481,0.4561,0.18488,0.64912,1.73482,0.99302,1,0.995,0.95181,0.99302,1,0.995,0.995,1.35257,0.05531,0.04671,0.63631,1.80199,0.0010958,0.0010958,0.0010958
139,2535.6,1.07218,0.20367,0.14963,0.56112,1.64784,0.99388,1,0.995,0.93253,0.99388,1,0.995,0.995,1.39909,0.05368,0.04176,0.61879,1.80473,0.0010892,0.0010892,0.0010892
140,2552.49,1.12431,0.23579,0.12089,0.57989,1.66911,0.99437,1,0.995,0.92563,0.99437,1,0.995,0.995,1.32653,0.05741,0.03847,0.46667,1.79782,0.0010826,0.0010826,0.0010826
141,2570.09,1.14255,0.21,0.20795,0.59115,1.72596,0.99398,1,0.995,0.93606,0.99398,1,0.995,0.995,1.33534,0.06614,0.03451,0.52667,1.81791,0.001076,0.001076,0.001076
142,2586.06,1.11775,0.18375,0.16932,0.59571,1.66588,0.9909,1,0.995,0.92072,0.9909,1,0.995,0.995,1.45474,0.06373,0.03172,0.52858,1.84182,0.0010694,0.0010694,0.0010694
143,2606.34,1.09638,0.17861,0.183,0.58719,1.71144,0.98576,1,0.995,0.92246,0.98576,1,0.995,0.995,1.32158,0.05704,0.03375,0.53501,1.79041,0.0010628,0.0010628,0.0010628
144,2623.26,1.13101,0.33544,0.19004,0.64769,1.71212,0.99124,1,0.995,0.92342,0.99124,1,0.995,0.995,1.20868,0.05216,0.02798,0.52688,1.79086,0.0010562,0.0010562,0.0010562
145,2641.66,1.10742,0.28476,0.24083,0.59041,1.6921,0.99311,1,0.995,0.93883,0.99311,1,0.995,0.995,1.41202,0.06201,0.02783,0.58484,1.80579,0.0010496,0.0010496,0.0010496
146,2658.8,1.1791,0.14708,0.21754,0.58019,1.67228,0.99363,1,0.995,0.92993,0.99363,1,0.995,0.995,1.40662,0.08174,0.02961,0.57591,1.79978,0.001043,0.001043,0.001043
147,2676.06,1.10844,0.26508,0.20178,0.62964,1.66062,0.99293,1,0.995,0.94235,0.99293,1,0.995,0.995,1.25585,0.07398,0.03039,0.5817,1.78358,0.0010364,0.0010364,0.0010364
148,2695.03,1.07547,0.13521,0.21538,0.60521,1.70557,0.99284,1,0.995,0.92077,0.99284,1,0.995,0.995,1.21212,0.07636,0.03388,0.54744,1.78939,0.0010298,0.0010298,0.0010298
149,2715.4,1.07549,0.32477,0.24524,0.61802,1.66765,0.99249,1,0.995,0.93905,0.99249,1,0.995,0.995,1.35169,0.07303,0.03632,0.59354,1.8091,0.0010232,0.0010232,0.0010232
150,2733.19,1.02935,0.15855,0.20586,0.54011,1.65218,0.99227,1,0.995,0.94277,0.99227,1,0.995,0.995,1.34839,0.06776,0.03816,0.5529,1.82632,0.0010166,0.0010166,0.0010166
151,2751.35,1.10673,0.22056,0.15122,0.61746,1.66769,0.99315,1,0.995,0.9279,0.99315,1,0.995,0.995,1.31306,0.05953,0.03758,0.59593,1.81429,0.00101,0.00101,0.00101
152,2769.82,1.09255,0.35004,0.26209,0.68357,1.7004,0.99127,1,0.995,0.95808,0.99127,1,0.995,0.995,1.17635,0.06183,0.03661,0.61294,1.78566,0.0010034,0.0010034,0.0010034
153,2789.56,0.93669,0.19253,0.14945,0.52552,1.66185,0.99257,1,0.995,0.93771,0.99257,1,0.995,0.995,1.31548,0.06538,0.03944,0.56898,1.82817,0.0009968,0.0009968,0.0009968
154,2806.98,1.02231,0.14973,0.214,0.58307,1.69704,0.9893,1,0.995,0.92984,0.9893,1,0.995,0.995,1.31791,0.07115,0.04038,0.62429,1.78761,0.0009902,0.0009902,0.0009902
155,2825.05,0.95598,0.14049,0.13004,0.54427,1.65221,0.98625,1,0.995,0.9275,0.98625,1,0.995,0.995,1.31363,0.06203,0.03946,0.65607,1.7791,0.0009836,0.0009836,0.0009836
156,2841.75,0.94725,0.1911,0.19272,0.56546,1.66012,0.98825,1,0.995,0.91847,0.98825,1,0.995,0.995,1.31544,0.07154,0.04037,0.67667,1.79743,0.000977,0.000977,0.000977
157,2858,0.90728,0.14378,0.13884,0.52025,1.62276,0.98986,1,0.995,0.91486,0.98986,1,0.995,0.995,1.29643,0.06041,0.03781,0.54543,1.8066,0.0009704,0.0009704,0.0009704
158,2874.38,1.0149,0.30105,0.13947,0.55279,1.6918,0.98868,1,0.995,0.91851,0.98868,1,0.995,0.995,1.23637,0.05981,0.03536,0.59756,1.78268,0.0009638,0.0009638,0.0009638
159,2890.15,0.98697,0.12824,0.1907,0.55417,1.66703,0.98761,1,0.995,0.92539,0.98761,1,0.995,0.995,1.19841,0.05369,0.03491,0.62695,1.77085,0.0009572,0.0009572,0.0009572
160,2907.39,1.09612,0.36601,0.19805,0.58993,1.64838,0.982,1,0.995,0.92371,0.982,1,0.995,0.995,1.3086,0.05248,0.03365,0.56941,1.79421,0.0009506,0.0009506,0.0009506
161,2923.22,1.01834,0.16145,0.21319,0.55609,1.66652,0.98162,1,0.995,0.94536,0.98162,1,0.995,0.995,1.3524,0.05411,0.03118,0.56596,1.80149,0.000944,0.000944,0.000944
162,2939.5,0.95594,0.15325,0.1723,0.52282,1.65987,0.98372,1,0.995,0.92702,0.98372,1,0.995,0.995,1.28338,0.04573,0.02967,0.52788,1.79632,0.0009374,0.0009374,0.0009374
163,2955.7,0.9575,0.47543,0.19791,0.57507,1.66808,0.98202,1,0.995,0.91619,0.98202,1,0.995,0.995,1.3218,0.04596,0.02938,0.53671,1.80454,0.0009308,0.0009308,0.0009308
164,2971.63,0.95061,0.19734,0.19028,0.51568,1.65782,0.98031,1,0.995,0.90616,0.98031,1,0.995,0.995,1.38454,0.06766,0.03127,0.57435,1.79415,0.0009242,0.0009242,0.0009242
165,2988.96,0.91993,0.15085,0.21058,0.52458,1.64369,0.98548,1,0.995,0.91293,0.98548,1,0.995,0.995,1.32568,0.06079,0.03151,0.53128,1.78683,0.0009176,0.0009176,0.0009176
166,3006.41,0.93944,0.12157,0.23563,0.57218,1.70072,0.98763,1,0.995,0.92386,0.98763,1,0.995,0.995,1.32479,0.05814,0.03379,0.50063,1.78533,0.000911,0.000911,0.000911
167,3023.66,0.92319,0.13855,0.12944,0.49717,1.64911,0.98806,1,0.995,0.93295,0.98806,1,0.995,0.995,1.32627,0.0526,0.03542,0.52232,1.77761,0.0009044,0.0009044,0.0009044
168,3040.14,0.92197,0.10529,0.18216,0.51692,1.65287,0.98792,1,0.995,0.93246,0.98792,1,0.995,0.995,1.29895,0.04697,0.03771,0.54845,1.79515,0.0008978,0.0008978,0.0008978
169,3056.69,0.8939,0.0847,0.20927,0.49585,1.63553,0.98781,1,0.995,0.91,0.98781,1,0.995,0.995,1.39386,0.05285,0.03744,0.55469,1.82575,0.0008912,0.0008912,0.0008912
170,3072.43,0.95858,0.21237,0.18285,0.53083,1.67885,0.9895,1,0.995,0.93915,0.9895,1,0.995,0.995,1.36379,0.05941,0.0373,0.52566,1.80095,0.0008846,0.0008846,0.0008846
171,3088.69,0.84729,0.10635,0.17343,0.47198,1.66658,0.99096,1,0.995,0.92365,0.99096,1,0.995,0.995,1.32757,0.06544,0.0372,0.5612,1.79952,0.000878,0.000878,0.000878
172,3105.19,0.97844,0.17651,0.15241,0.50162,1.65916,0.98904,1,0.995,0.9445,0.98904,1,0.995,0.995,1.28672,0.04845,0.03581,0.48546,1.79069,0.0008714,0.0008714,0.0008714
173,3120.58,0.90434,0.22857,0.17697,0.56912,1.6343,0.98815,1,0.995,0.93246,0.98815,1,0.995,0.995,1.22851,0.05047,0.03411,0.47423,1.76449,0.0008648,0.0008648,0.0008648
174,3136.58,1.01249,0.26103,0.24709,0.59223,1.64948,0.98517,1,0.995,0.93238,0.98517,1,0.995,0.995,1.317,0.06154,0.03442,0.5642,1.7959,0.0008582,0.0008582,0.0008582
175,3151.63,0.95948,0.11815,0.1668,0.52073,1.6437,0.98432,1,0.995,0.93257,0.98432,1,0.995,0.995,1.28622,0.05823,0.0352,0.53085,1.79296,0.0008516,0.0008516,0.0008516
176,3168.2,0.92915,0.1525,0.20989,0.51197,1.70088,0.98721,1,0.995,0.92961,0.98721,1,0.995,0.995,1.29155,0.05498,0.0344,0.49345,1.77932,0.000845,0.000845,0.000845
177,3183.94,0.86256,0.17443,0.11488,0.49015,1.62238,0.99123,1,0.995,0.93136,0.99123,1,0.995,0.995,1.3446,0.04774,0.03241,0.53537,1.78702,0.0008384,0.0008384,0.0008384
178,3199.89,0.87437,0.1315,0.15531,0.49239,1.63896,0.99174,1,0.995,0.94031,0.99174,1,0.995,0.995,1.42574,0.04516,0.0324,0.50003,1.78477,0.0008318,0.0008318,0.0008318
179,3218.16,0.89733,0.16393,0.18723,0.50931,1.63022,0.99192,1,0.995,0.92504,0.99192,1,0.995,0.995,1.44878,0.04671,0.03134,0.51429,1.78547,0.0008252,0.0008252,0.0008252
180,3234.28,0.85534,0.27716,0.1736,0.49823,1.61388,0.99322,1,0.995,0.93566,0.99322,1,0.995,0.995,1.32894,0.05185,0.0297,0.48431,1.78728,0.0008186,0.0008186,0.0008186
181,3250.78,0.83892,0.10255,0.16574,0.45956,1.63525,0.99409,1,0.995,0.93571,0.99409,1,0.995,0.995,1.22347,0.04127,0.0288,0.48221,1.78763,0.000812,0.000812,0.000812
182,3266.64,0.8861,0.14044,0.19458,0.51792,1.64826,0.99409,1,0.995,0.94687,0.99409,1,0.995,0.995,1.28109,0.04011,0.02988,0.50035,1.78085,0.0008054,0.0008054,0.0008054
183,3282.92,0.9343,0.24917,0.1107,0.48762,1.63854,0.99408,1,0.995,0.95306,0.99408,1,0.995,0.995,1.31804,0.05749,0.03276,0.52671,1.78221,0.0007988,0.0007988,0.0007988
184,3302.66,0.84327,0.1548,0.13479,0.50407,1.62774,0.99364,1,0.995,0.94104,0.99364,1,0.995,0.995,1.23728,0.05355,0.03037,0.48888,1.78197,0.0007922,0.0007922,0.0007922
185,3319.58,0.91213,0.22426,0.20962,0.50266,1.66327,0.9931,1,0.995,0.93328,0.9931,1,0.995,0.995,1.24287,0.0505,0.02496,0.48864,1.77339,0.0007856,0.0007856,0.0007856
186,3335.63,0.90661,0.19884,0.18055,0.488,1.66414,0.9921,1,0.995,0.93557,0.9921,1,0.995,0.995,1.34472,0.06608,0.02713,0.5108,1.78774,0.000779,0.000779,0.000779
187,3351.81,0.85441,0.13676,0.14455,0.44846,1.61818,0.99108,1,0.995,0.93442,0.99108,1,0.995,0.995,1.3072,0.06034,0.02834,0.57395,1.78032,0.0007724,0.0007724,0.0007724
188,3367.75,0.92306,0.16068,0.20617,0.53781,1.6807,0.98275,1,0.995,0.93389,0.98275,1,0.995,0.995,1.23327,0.05593,0.02845,0.54202,1.77101,0.0007658,0.0007658,0.0007658
189,3384.05,0.90925,0.13806,0.18188,0.52408,1.64012,0.97677,1,0.995,0.93103,0.97677,1,0.995,0.995,1.20421,0.04894,0.02688,0.53273,1.76875,0.0007592,0.0007592,0.0007592
190,3400.36,0.92722,0.16821,0.19116,0.4975,1.67041,0.97838,1,0.995,0.92324,0.97838,1,0.995,0.995,1.33691,0.05078,0.02781,0.53199,1.77079,0.0007526,0.0007526,0.0007526
191,3416.91,0.89076,0.10352,0.16054,0.47496,1.66637,0.98482,1,0.995,0.91308,0.98482,1,0.995,0.995,1.33452,0.05052,0.02933,0.51919,1.77518,0.000746,0.000746,0.000746
192,3433.81,0.91623,0.09716,0.17213,0.48906,1.65853,0.9896,1,0.995,0.92858,0.9896,1,0.995,0.995,1.32762,0.0552,0.03062,0.53482,1.79436,0.0007394,0.0007394,0.0007394
193,3451.02,0.8708,0.13919,0.1585,0.47399,1.64348,0.9914,1,0.995,0.91039,0.9914,1,0.995,0.995,1.32696,0.06358,0.03013,0.53111,1.78595,0.0007328,0.0007328,0.0007328
194,3468.89,0.8489,0.09303,0.19179,0.45635,1.62651,0.9933,1,0.995,0.92724,0.9933,1,0.995,0.995,1.33897,0.04317,0.03222,0.47531,1.78151,0.0007262,0.0007262,0.0007262
195,3486.38,0.76736,0.10496,0.14295,0.44686,1.62234,0.99418,1,0.995,0.92943,0.99418,1,0.995,0.995,1.36269,0.04376,0.03376,0.49646,1.78676,0.0007196,0.0007196,0.0007196
196,3504.49,0.88339,0.26609,0.21374,0.49399,1.66354,0.99474,1,0.995,0.92025,0.99474,1,0.995,0.995,1.41172,0.04364,0.03497,0.49208,1.80438,0.000713,0.000713,0.000713
197,3522.28,0.7554,0.23024,0.17918,0.43446,1.5787,0.99479,1,0.995,0.90728,0.99479,1,0.995,0.995,1.38717,0.04078,0.03362,0.50452,1.78661,0.0007064,0.0007064,0.0007064
198,3539.72,0.83953,0.3654,0.18922,0.51993,1.64033,0.99458,1,0.995,0.89413,0.99458,1,0.995,0.995,1.33707,0.0604,0.03515,0.48363,1.79196,0.0006998,0.0006998,0.0006998
199,3556.66,0.93864,0.13494,0.14696,0.49279,1.68747,0.99411,1,0.995,0.91086,0.99411,1,0.995,0.995,1.31204,0.05314,0.03508,0.42895,1.78474,0.0006932,0.0006932,0.0006932
200,3573.85,0.87028,0.13609,0.1837,0.48647,1.60567,0.99422,1,0.995,0.94419,0.99422,1,0.995,0.995,1.2577,0.06206,0.03381,0.407,1.76836,0.0006866,0.0006866,0.0006866
201,3591.35,0.93391,0.21699,0.1949,0.52989,1.66763,0.99357,1,0.995,0.93634,0.99357,1,0.995,0.995,1.28318,0.05997,0.033,0.48593,1.77704,0.00068,0.00068,0.00068
202,3609.32,0.83181,0.09088,0.19656,0.47246,1.62136,0.9921,1,0.995,0.92549,0.9921,1,0.995,0.995,1.25754,0.05265,0.03154,0.46207,1.76988,0.0006734,0.0006734,0.0006734
